group,mean,se
Ingroup,2.119497,0.076
Outgroup,1.910959,0.09860684
