strength,mean,se
Strong,2.282051,0.09199107
Weak,1.821739,0.07543196

